S.no,Main Sno,Secondary,Secondary S.no
TNH064,3706,APH054,0
TNH066,3707,APH054,
TNH063,3705,APH080,
TNH062,3704,APH094,
TNH105,3702,APH094,
TNH061,3703,APH106,
TNH087,3701,APH106,
TNH060,3700,APH106,
TNH058,3699,APH117,
TNH057,3698,APH117,
KLH173,3697,APH126,
TNH056,3696,APH126,
TNH055,3695,APH129,
TNH053,3694,APH129,
TNH052,3693,APH129,
TNH051,3692,APH139,
TNH049,3691,APH139,
TNH048,3690,APH145,
TNH047,3689,APH150,
TNH046,3688,APH151,
TNH045,3687,APH152,
TNH040,3685,APH154,
TNH043,3686,KLH010,
TNH042,3684,KLH024,
TNH041,3683,KLH024,
TNH039,3682,KLH024,
TNH038,3681,KLH030,
TNH035,3680,KLH030,
TNH034,3679,KLH038,
TNH033,3678,KLH038,
TNH032,3677,KLH043,
TNH031,3676,KLH043,
TNH029,3675,KLH043,
TNH027,3674,KLH044,
TNH024,3673,KLH056,
TNH023,3672,KLH056,
TNH022,3671,KLH060,
TNH260,3670,KLH073,
TNH021,3669,KLH073,
TNH019,3668,KLH073,
TNH016,3667,KLH094,
TNH015,3666,KLH094,
TNH014,3665,KLH094,
TNH013,3664,KLH101,
TNH012,3663,KLH114,
TNH010,3662,KLH118,
TNH009,3661,KLH131,
TNH008,3660,KLH131,
TNH006,3659,KLH131,
TNH003,3658,KLH132,
TNH001,3657,KLH137,
PYH014,3656,KLH137,
PYH009,3655,KLH141,
PYH003,3654,KLH141,
TGH001,3653,KLH141,
KLH284,3652,KLH142,
KNH259,3651,KLH157,
PYH011,3650,KLH157,
TNH344,3649,KLH157,
TNH340,3648,KLH161,
TNH339,3647,KLH161,
TNH341,3646,KLH169,
TNH342,3645,KLH170,
TNH067,3708,KLH170,
TNH069,3709,KLH181,
TNH072,3710,KLH185,
TNH073,3711,KLH185,
TNH075,3712,KLH186,
TNH076,3713,KLH195,
TNH077,3714,KLH195,
TNH078,3715,KLH200,
TNH079,3716,KLH205,
TNH080,3717,KLH205,
TNH083,3718,KLH205,
TNH084,3719,KLH214,
TNH086,3720,KLH214,
TNH081,3721,KLH218,
TNH082,3722,KLH218,
TNH085,3723,KLH219,
TNH106,3724,KLH223,
TNH102,3725,KLH223,
TNH109,3726,KLH225,
TNH112,3727,KLH225,
TNH113,3728,KLH232,
TNH115,3729,KLH232,
TNH118,3730,KLH248,
TNH119,3731,KLH248,
TNH120,3732,KLH258,
TNH121,3733,KLH273,
TNH123,3734,KLH281,
TNH203,3735,KLH282,
TNH204,3736,KLH282,
TNH124,3737,KLH282,
TNH128,3738,KLH284,
TNH129,3739,KLH284,
TNH130,3740,KLH285,
TNH131,3741,KLH289,
TNH133,3742,KLH289,
TNH134,3743,KLH290,
TNH136,3744,KLH290,
TNH139,3745,KLH291,
TNH140,3746,KLH291,
TNH141,3747,KLH291,
TNH142,3748,KLH292,
TNH144,3749,KLH292,
TNH145,3750,KLH294,
TNH147,3751,KLH294,
TNH148,3752,KLH294,
TNH149,3753,KLH296,
TNH151,3754,KLH296,
TNH152,3755,KLH296,
TNH153,3756,KLH298,
TNH154,3757,KLH298,
TNH155,3758,KLH298,
TNH156,3759,KLH299,
TNH158,3760,KLH299,
TNH159,3761,KLH301,
TNH160,3762,KLH305,
TNH161,3763,KLH305,
TNH162,3764,KLH310,
TNH164,3765,KLH310,
TNH165,3766,KLH312,
TNH166,3767,KLH312,
TNH168,3768,KLH313,
TNH169,3769,KLH313,
TNH199,3770,KLH314,
TNH202,3771,KLH314,
TNH170,3772,KLH315,
TNH171,3773,KLH315,
TNH181,3774,KLH321,
TNH182,3775,KLH324,
TNH184,3776,KLH329,
TNH187,3777,KLH336,
TNH188,3778,KLH338,
TNH195,3779,KLH339,
TNH197,3780,KNH006,
KNH208,3781,KNH006,
TNH189,3782,KNH014,
TNH191,3783,KNH014,
TNH193,3784,KNH014,
TNH194,3785,KNH015,
TNH198,3786,KNH025,
TNH200,3787,KNH025,
TNH205,3788,KNH039,
TNH206,3789,KNH039,
TNH207,3790,KNH041,
TNH208,3791,KNH041,
TNH209,3792,KNH044,
TNH210,3793,KNH044,
TNH211,3794,KNH051,
TNH214,3795,KNH051,
TNH215,3796,KNH070,
TNH217,3797,KNH070,
TNH218,3798,KNH079,
TNH220,3799,KNH088,
TNH221,3800,KNH088,
TNH222,3801,KNH088,
TNH224,3802,KNH095,
TNH225,3803,KNH095,
KLH002,3804,KNH099,
KLH003,3805,KNH102,
KLH007,3806,KNH102,
KLH012,3807,KNH132,
KLH013,3808,KNH132,
KLH014,3809,KNH132,
KLH015,3810,KNH134,
KLH016,3811,KNH136,
KLH021,3812,KNH143,
KLH017,3813,KNH164,
KLH018,3814,KNH164,
KLH020,3815,KNH180,
KLH022,3816,KNH180,
KLH024,3817,KNH191,
KLH025,3818,KNH192,
KLH026,3819,KNH192,
KLH027,3820,KNH208,
KLH028,3821,KNH210,
KLH030,3822,KNH210,
KLH032,3823,KNH221,
KLH038,3824,KNH225,
KLH039,3825,KNH225,
KLH071,3826,KNH225,
KLH040,3827,KNH226,
KLH042,3828,KNH226,
KLH043,3829,KNH243,
KLH044,3830,KNH245,
KLH046,3831,KNH246,
KLH047,3832,KNH246,
KLH048,3833,KNH246,
KLH049,3834,KNH255,
KLH050,3835,KNH255,
KLH052,3836,KNH255,
KLH056,3837,KNH257,
KLH060,3838,KNH262,
KLH063,3839,KNH268,
KLH066,3840,KNH268,
KLH058,3841,KNH268,
KLH059,3842,KNH269,
KLH061,3843,KNH270,
KLH062,3844,KNH275,
KLH064,3845,KNH275,
KLH065,3846,KNH278,
KLH070,3847,KNH279,
KLH072,3848,PYH008,
KLH073,3849,PYH008,
KLH074,3850,PYH008,
KLH075,3851,PYH012,
KLH079,3852,PYH014,
KLH158,3853,PYH014,
KLH160,3854,PYH014,
KLH080,3855,PYH016,
KLH082,3856,PYH016,
KLH085,3857,PYH016,
KLH092,3858,PYH021,
KLH093,3859,PYH021,
KLH094,3860,TGH004,
KLH095,3861,TGH019,
KLH097,3862,TGH022,
KLH098,3863,TGH028,
KLH099,3864,TGH032,
KLH101,3865,TGH032,
KLH102,3866,TGH032,
KLH104,3867,TGH041,
KLH108,3868,TGH053,
KLH113,3869,TGH056,
KLH114,3870,TNH012,
KLH115,3871,TNH012,
KLH116,3872,TNH066,
KLH117,3873,TNH066,
KLH118,3874,TNH066,
KLH119,3875,TNH080,
KLH120,3876,TNH080,
KLH121,3877,TNH086,
KLH122,3878,TNH086,
KLH123,3879,TNH086,
KLH124,3880,TNH092,
KLH155,3881,TNH099,
KLH156,3882,TNH099,
KLH131,3883,TNH099,
KLH132,3884,TNH115,
KLH136,3885,TNH123,
KLH137,3886,TNH152,
KLH138,3887,TNH156,
KLH143,3888,TNH156,
KLH145,3889,TNH156,
KLH146,3890,TNH171,
KLH147,3891,TNH171,
KLH153,3892,TNH171,
KLH154,3893,TNH181,
KLH149,3894,TNH181,
KLH150,3895,TNH181,
KLH151,3896,TNH203,
KLH157,3897,TNH203,
KLH161,3898,TNH203,
KLH162,3899,TNH214,
KLH163,3900,TNH217,
KLH165,3901,TNH217,
KLH166,3902,TNH217,
KLH167,3903,TNH218,
KLH168,3904,TNH218,
KLH169,3905,TNH218,
KLH170,3906,TNH227,
KLH172,3907,TNH227,
KLH174,3908,TNH227,
KLH175,3909,TNH228,
KLH176,3910,TNH228,
KLH177,3911,TNH228,
KLH189,3912,TNH268,
KLH190,3913,TNH270,
KLH191,3914,TNH270,
KLH192,3915,TNH278,
KLH194,3916,TNH283,
KLH195,3917,TNH283,
KLH196,3918,TNH284,
KLH200,3919,TNH291,
KLH201,3920,TNH291,
KLH203,3921,TNH294,
KLH204,3922,TNH294,
KNH001,3923,TNH294,
KNH003,3924,TNH295,
KNH006,3925,TNH295,
KNH008,3926,TNH295,
KNH009,3927,TNH300,
KLH183,3928,TNH302,
KNH011,3929,TNH303,
KNH012,3930,TNH303,
KNH014,3931,TNH306,
KNH015,3932,TNH306,
KNH016,3933,TNH308,
KNH020,3934,TNH312,
KNH045,3935,TNH312,
KNH026,3936,TNH317,
KNH027,3937,TNH322,
KNH028,3938,TNH322,
KNH029,3939,TNH322,
KNH030,3940,TNH325,
KNH031,3941,TNH325,
KNH032,3942,TNH325,
KNH035,3943,TNH330,
KNH037,3944,TNH330,
KNH038,3945,TNH331,
KNH041,3946,TNH334,
KNH042,3947,TNH336,
KNH043,3948,TNH336,
KNH044,3949,TNH336,
KNH039,3950,TNH341,
KNH040,3951,TNH345,
KNH046,3952,TNH345,
KNH049,3953,TNH345,
KNH050,3954,TNH347,
KNH051,3955,TNH349,
KNH052,3956,TNH349,
KNH053,3957,TNH349,
KNH054,3958,TNH352,
KNH055,3959,TNH352,
KNH056,3960,TNH356,
KNH057,3961,TNH356,
KNH059,3962,TNH356,
KNH060,3963,TNH359,
KNH061,3964,TNH359,
KNH062,3965,TNH367,
KNH135,3966,TNH373,
KNH063,3967,TNH378,
KNH065,3968,TNH378,
KNH066,3969,TNH381,
KNH068,3970,TNH383,
KNH070,3971,TNH384,
KNH071,3972,TNH384,
KNH073,3973,TNH387,
KNH076,3974,TNH388,
KNH077,3975,TNH392,
KNH079,3976,TNH393,
KNH081,3977,TNH394,
KNH082,3978,TNH394,
KNH083,3979,TNH399,
KNH086,3980,TNH411,
KNH088,3981,TNH414,
KNH089,3982,TNH417,
KNH116,3983,TNH419,
KNH119,3984,TNH420,
KNH123,3985,,
KNH125,3986,,
KNH126,3987,,
KNH127,3988,,
KNH128,3989,,
KNH131,3990,,
KNH132,3991,,
KNH133,3992,,
KNH134,3993,,
KNH136,3994,,
KNH175,3995,,
KNH140,3996,,
KNH144,3997,,
KNH145,3998,,
KNH146,3999,,
KNH149,4000,,
KNH150,4001,,
KNH151,4002,,
KNH152,4003,,
KNH153,4004,,
KNH154,4005,,
KNH160,4006,,
KNH155,4007,,
KNH158,4008,,
KNH162,4009,,
KNH164,4010,,
KNH165,4011,,
KNH166,4012,,
KNH167,4013,,
KNH168,4014,,
KNH171,4015,,
KNH172,4016,,
KNH173,4017,,
KNH174,4018,,
KNH176,4019,,
APH049,4020,,
KLH285,4021,,
APH052,4022,,
APH053,4023,,
APH054,4024,,
APH056,4025,,
APH059,4026,,
APH062,4027,,
APH078,4028,,
APH080,4029,,
APH082,4030,,
APH079,4031,,
APH081,4032,,
APH083,4033,,
APH084,4034,,
APH085,4035,,
APH087,4036,,
APH088,4037,,
APH089,4038,,
APH090,4039,,
APH092,4040,,
APH093,4041,,
APH094,4042,,
APH096,4043,,
APH097,4044,,
APH099,4045,,
APH101,4046,,
APH102,4047,,
APH103,4048,,
APH104,4049,,
APH105,4050,,
APH107,4051,,
TNH059,4052,,
TNH065,4053,,
TNH138,4054,,
TNH216,4055,,
TNH183,4056,,
TNH114,4057,,
TNH185,4058,,
TNH201,4059,,
TNH091,4060,,
TNH092,4061,,
TNH093,4062,,
TNH127,4063,,
KLH126,4064,,
KLH037,4065,,
KLH087,4066,,
KLH178,4067,,
KLH197,4068,,
KLH110,4069,,
KLH105,4070,,
KNH025,4071,,
KNH087,4072,,
KNH091,4073,,
KNH094,4074,,
KNH095,4075,,
KNH097,4076,,
KNH137,4077,,
APH091,4078,,
KLH202,4079,,
KNH118,4080,,
TNH094,4081,,
KLH198,4082,,
TNH137,4083,,
TNH088,4084,,
TNH101,4085,,
TNH103,4086,,
KNH142,4087,,
TNH190,4088,,
TNH095,4089,,
TNH226,4090,,
KNH099,4091,,
TNH110,4092,,
KLH141,4093,,
KLH205,4094,,
KNH100,4095,,
KNH102,4096,,
KNH103,4097,,
KNH104,4098,,
KNH129,4099,,
KNH005,4100,,
TNH125,4101,,
TNH096,4102,,
TNH146,4103,,
KNH106,4104,,
KNH107,4105,,
KNH108,4106,,
KLH180,4107,,
KLH029,4108,,
KLH077,4109,,
KNH109,4110,,
APH106,4111,,
KLH127,4112,,
KLH181,4113,,
KNH113,4114,,
KLH010,4115,,
KLH142,4116,,
KLH182,4117,,
KLH089,4118,,
TNH098,4119,,
KNH114,4120,,
TNH099,4121,,
KLH185,4122,,
TNH227,4123,,
KNH143,4124,,
KLH186,4125,,
TNH111,4126,,
TNH228,4127,,
KLH206,4128,,
KLH208,4129,,
KNH180,4130,,
KNH181,4131,,
KNH182,4132,,
KNH183,4133,,
KLH209,4134,,
KLH214,4135,,
TNH234,4136,,
TNH235,4137,,
KLH210,4138,,
TNH237,4139,,
KLH212,4140,,
KNH188,4141,,
KNH189,4142,,
KNH190,4143,,
TNH239,4144,,
TNH244,4145,,
KNH194,4146,,
KNH191,4147,,
KNH192,4148,,
TNH241,4149,,
TNH242,4150,,
TNH243,4151,,
KNH193,4152,,
TNH245,4153,,
KNH195,4154,,
TNH246,4155,,
TNH247,4156,,
APH117,4157,,
KLH216,4158,,
KNH196,4159,,
TNH250,4160,,
KLH217,4161,,
KLH218,4162,,
KNH197,4163,,
TNH253,4164,,
KLH219,4165,,
KNH199,4166,,
TNH254,4167,,
KLH222,4168,,
KNH201,4169,,
KLH221,4170,,
APH120,4171,,
TNH258,4172,,
TNH259,4173,,
KLH223,4174,,
APH121,4175,,
KNH203,4176,,
KLH228,4177,,
KLH225,4178,,
APH123,4179,,
KNH210,4180,,
APH125,4181,,
TNH122,4182,,
KLH230,4183,,
TNH264,4184,,
KNH212,4185,,
TNH268,4186,,
TNH265,4187,,
TNH270,4188,,
TNH266,4189,,
KNH211,4190,,
KLH232,4191,,
APH126,4192,,
KLH233,4193,,
KLH234,4194,,
KNH214,4195,,
TNH272,4196,,
TNH273,4197,,
KNH215,4198,,
KLH235,4199,,
KNH216,4200,,
TNH274,4201,,
KLH236,4202,,
TNH275,4203,,
TNH276,4204,,
KLH238,4205,,
KLH239,4206,,
APH129,4207,,
TNH277,4208,,
KLH241,4209,,
KLH243,4210,,
TNH278,4211,,
KLH244,4212,,
TNH279,4213,,
TNH280,4214,,
TNH281,4215,,
KNH218,4216,,
KLH245,4217,,
KLH246,4218,,
KLH247,4219,,
TNH282,4220,,
KNH219,4221,,
KLH248,4222,,
TNH283,4223,,
KNH220,4224,,
TNH284,4225,,
KNH221,4226,,
TNH285,4227,,
TNH286,4228,,
KLH250,4229,,
KLH251,4230,,
KNH223,4231,,
KLH252,4232,,
TNH287,4233,,
APH133,4234,,
TNH288,4235,,
TNH290,4236,,
TNH291,4237,,
KNH224,4238,,
KNH225,4239,,
KLH254,4240,,
TNH293,4241,,
TNH294,4242,,
KNH226,4243,,
TNH295,4244,,
TNH297,4245,,
KLH256,4246,,
APH135,4247,,
KLH257,4248,,
KLH258,4249,,
KLH259,4250,,
TNH298,4251,,
KNH228,4252,,
KLH261,4253,,
TNH300,4254,,
TNH302,4255,,
KNH229,4256,,
TNH303,4257,,
TNH304,4258,,
KNH230,4259,,
KLH262,4260,,
KLH263,4261,,
TNH306,4262,,
TNH307,4263,,
KNH231,4264,,
KLH264,4265,,
TNH308,4266,,
KLH267,4267,,
KLH268,4268,,
TNH309,4269,,
TNH310,4270,,
TNH311,4271,,
TNH312,4272,,
KNH234,4273,,
KNH236,4274,,
KLH270,4275,,
KNH237,4276,,
KNH239,4277,,
TNH314,4278,,
KNH240,4279,,
KNH241,4280,,
TNH317,4281,,
TNH318,4282,,
TNH319,4283,,
KNH243,4284,,
TNH320,4285,,
TNH321,4286,,
TNH322,4287,,
KLH272,4288,,
TGH008,4289,,
KLH273,4290,,
KNH244,4291,,
TNH323,4292,,
TNH325,4293,,
KNH245,4294,,
TNH327,4295,,
KNH246,4296,,
KNH247,4297,,
KNH248,4298,,
KNH250,4299,,
APH139,4300,,
KNH251,4301,,
KNH252,4302,,
KLH275,4303,,
TNH330,4304,,
TNH331,4305,,
TNH332,4306,,
TNH333,4307,,
KLH277,4308,,
TNH334,4309,,
TNH335,4310,,
KLH278,4311,,
KLH279,4312,,
KNH254,4313,,
KLH280,4314,,
APH140,4315,,
TNH336,4316,,
KNH255,4317,,
KLH281,4318,,
KLH282,4319,,
TNH337,4320,,
APH141,4321,,
KLH283,4322,,
KNH256,4323,,
KNH257,4324,,
KNH258,4325,,
PYH017,4326,,
TGH013,4327,,
TGH030,4328,,
PYH015,4329,,
PYH016,4330,,
TGH002,4331,,
TGH006,4332,,
PYH018,4333,,
TGH012,4334,,
TGH003,4335,,
TGH005,4336,,
TGH007,4337,,
TGH009,4338,,
TGH011,4339,,
TGH004,4340,,
TGH025,4341,,
TGH028,4342,,
TGH033,4343,,
TGH026,4344,,
TGH035,4345,,
TGH038,4346,,
TGH040,4347,,
TGH029,4348,,
TGH032,4349,,
TGH039,4350,,
TGH041,4351,,
APH113,4352,,
TGH056,4353,,
TGH034,4354,,
TGH043,4355,,
TGH044,4356,,
TGH047,4357,,
TGH045,4358,,
TGH046,4359,,
TGH057,4360,,
TGH059,4361,,
TGH049,4362,,
TGH050,4363,,
TGH052,4364,,
TGH053,4365,,
TGH055,4366,,
TGH019,4367,,
TGH058,4368,,
TGH060,4369,,
TGH014,4370,,
TGH015,4371,,
TGH016,4372,,
TGH017,4373,,
TGH018,4374,,
TGH020,4375,,
TGH021,4376,,
TGH022,4377,,
TGH023,4378,,
TGH024,4379,,
PYH005,4380,,
PYH006,4381,,
PYH008,4382,,
PYH012,4383,,
PYH013,4384,,
TGH037,4385,,
TGH048,4386,,
PYH019,4387,,
TGH061,4388,,
KNH260,4389,,
KLH286,4390,,
KNH261,4391,,
APH144,4392,,
TNH345,4393,,
TNH346,4394,,
TGH062,4395,,
APH145,4396,,
TNH347,4397,,
TNH348,4398,,
KLH287,4399,,
KNH262,4400,,
KNH263,4401,,
TNH349,4402,,
TGH063,4403,,
KLH288,4404,,
TNH350,4405,,
TNH351,4406,,
KNH264,4407,,
KNH265,4408,,
TNH352,4409,,
TGH064,4410,,
KNH266,4411,,
KLH289,4412,,
KLH290,4413,,
TNH353,4414,,
TGH065,4415,,
TNH354,4416,,
KLH291,4417,,
TGH066,4418,,
TNH355,4419,,
KNH267,4420,,
KLH292,4421,,
KLH293,4422,,
KLH294,4423,,
KNH268,4424,,
TGH067,4425,,
KLH295,4426,,
TGH068,4427,,
KLH296,4428,,
KLH297,4429,,
KLH298,4430,,
TNH356,4431,,
KLH299,4432,,
KNH269,4433,,
KNH270,4434,,
TNH357,4435,,
KLH300,4436,,
KLH301,4437,,
KLH302,4438,,
TGH069,4439,,
TNH358,4440,,
TNH359,4441,,
TNH360,4442,,
TNH361,4443,,
TNH362,4444,,
TNH363,4445,,
KNH271,4446,,
KLH303,4447,,
KLH304,4448,,
TNH364,4449,,
KLH305,4450,,
APH146,4451,,
KNH272,4452,,
TNH365,4453,,
TNH366,4454,,
TNH367,4455,,
TNH368,4456,,
TNH369,4457,,
KLH306,4458,,
TNH370,4459,,
TNH371,4460,,
TNH372,4461,,
KLH307,4462,,
TNH373,4463,,
TNH374,4464,,
TNH375,4465,,
KLH308,4466,,
TNH376,4467,,
KLH309,4468,,
TNH377,4469,,
TNH378,4470,,
TNH379,4471,,
TNH380,4472,,
KLH310,4473,,
KLH311,4474,,
TNH381,4475,,
TNH382,4476,,
KLH312,4477,,
KLH313,4478,,
KLH314,4479,,
KNH273,4480,,
KLH315,4481,,
TNH383,4482,,
TNH384,4483,,
TNH385,4484,,
APH147,4485,,
TNH386,4486,,
TNH387,4487,,
TNH388,4488,,
TNH389,4489,,
KLH316,4490,,
KLH317,4491,,
KNH274,4492,,
TNH390,4493,,
KLH318,4494,,
TNH391,4495,,
TNH392,4496,,
KNH275,4497,,
TNH393,4498,,
APH148,4499,,
TNH394,4500,,
TGH070,4501,,
KLH319,4502,,
TNH395,4503,,
APH149,4504,,
TNH396,4505,,
KLH320,4506,,
KLH321,4507,,
KNH276,4508,,
TNH397,4509,,
TNH398,4510,,
TNH399,4511,,
APH150,4512,,
PYH020,4513,,
TNH400,4514,,
TNH401,4515,,
KLH322,4516,,
KLH323,4517,,
TNH402,4518,,
PYH021,4519,,
TGH071,4520,,
TGH072,4521,,
KNH277,4522,,
KLH324,4523,,
TNH403,4524,,
TGH073,4525,,
KLH325,4526,,
KLH326,4527,,
KLH327,4528,,
TNH404,4529,,
KLH328,4530,,
KLH329,4531,,
TNH405,4532,,
KNH278,4533,,
KLH330,4534,,
KLH331,4535,,
TNH406,4536,,
APH151,4537,,
KLH332,4538,,
TNH407,4539,,
TNH408,4540,,
KNH279,4541,,
KNH280,4542,,
TNH409,4543,,
TNH410,4544,,
KLH333,4545,,
KLH334,4546,,
TNH411,4547,,
APH152,4548,,
TNH412,4549,,
KLH335,4550,,
TNH413,4551,,
TNH414,4552,,
APH153,4553,,
KNH281,4554,,
APH154,4555,,
APH155,4556,,
KLH336,4557,,
TNH415,4558,,
KLH337,4559,,
TNH416,4560,,
TNH417,4561,,
KLH338,4562,,
KLH339,4563,,
TGH074,4564,,
TNH418,4565,,
TNH419,4566,,
TNH420,4567,,
TNH421,4568,,
KNH282,4569,,
KNH283,4570,,
APH156,4571,,
KLH340,4572,,
KLH341,4573,,
TNH422,4574,,
KLH342,4575,,
KLH343,4576,,
TNH423,4577,,
KNH284,4578,,
KLH344,4579,,
KLH345,4580,,
KLH346,4581,,
TNH424,4582,,
TNH425,4583,,
KLH347,4584,,
KNH285,4585,,
TNH426,4586,,
KLH348,4587,,
TNH427,4588,,
TNH428,4589,,
KLH349,4590,,
KLH350,4591,,
KLH351,4592,,
TGH075,4593,,
TGH076,4594,,
TNH429,4595,,
KNH286,4596,,
TGH077,4597,,
TNH430,4598,,
KLH352,4599,,
TNH431,4600,,
APH157,4601,,
TNH432,4602,,
TNH433,4603,,
KLH353,4604,,
KLH354,4605,,
KLH355,4606,,
KNH287,4607,,
KLH356,4608,,
KNH288,4609,,
TNH434,4610,,
KNH289,4611,,
APH158,4612,,
KLH357,4613,,
APH159,4614,,
KLH358,4615,,
KLH359,4616,,
KNH290,4617,,
TNH435,4618,,
KNH291,4619,,
KLH360,4620,,
KLH361,4621,,
KLH362,4622,,
KLH363,4623,,
KLH364,4624,,
KLH365,4625,,
KLH366,4626,,
KLH367,4627,,
TNH436,4628,,
APH160,4629,,
TNH437,4630,,
KLH368,4631,,
TNH438,4632,,
TNH439,4633,,
KLH369,4634,,
